Epoch,Time,Energy Consumption
0,33.92419362068176,2089548
1,33.622379302978516,2149745
2,33.82855200767517,2195562
3,33.9466769695282,2245660
4,34.55879783630371,2307079
